超商,Address,Response_X,Response_Y
全家,桃園市桃園區龍岡里上海路100號1樓,121.2827762,24.9911224
全家,桃園市桃園區龍鳳里國豐三街106號、108號1樓,121.2792865,24.9902462
全家,桃園市桃園區龍壽里龍泉六街10號1樓,121.2730523,24.9840711
全家,桃園市桃園區南華里南華街１１１號１樓,121.3077365,24.9916822
全家,桃園市桃園區長德里愛九街112號1樓,121.300269,25.0049584
全家,桃園市桃園區慈光街114號、116號,121.2991985,25.0060067
全家,桃園市桃園區中寧里中正路一一六七號一樓,121.2971985,25.0184743
全家,桃園市桃園區寶山里民光東路120號1樓,121.3179251,25.0080403
全家,桃園市桃園區忠義里大業路一段126號、128號1樓,121.3165491,25.0064057
全家,桃園市桃園區寶慶里大興西路二段一二八號一樓,121.2966165,25.0107081
全家,桃園市桃園區新埔里經國路130號1樓,121.3062772,25.0158432
全家,桃園市桃園區莊敬里中正路１３１６號，１３１８號１樓,121.2966065,25.0208413
全家,桃園市桃園區雲林里延平路１３５之１號１樓,121.3147835,24.9836755
全家,桃園市桃園區大興里大業路一段一三七、一三九號一樓,121.3157561,25.007435
全家,桃園市桃園區莊敬路１段１３７號１樓,121.3013236,25.0256207
全家,桃園市桃園區武陵里中正路十三號一樓,121.31277,24.9894877
全家,桃園市桃園區文化里民權路13號1樓,121.3117682,24.9897987
全家,桃園市桃園區新埔里經國路一四二號一樓,121.3061243,25.0159366
全家,桃園市桃園區汴洲里春日路1496號、1498號1樓,121.3047311,25.0295773
全家,桃園市桃園區文化里復興路151號,121.3112849,24.9898043
全家,桃園市桃園區藝文里龍壽街158號、160號、162號,121.2683266,24.9828442
全家,桃園市桃園區復興路159號1樓,121.310906,24.989641
全家,桃園市桃園區福安里介壽路165號、167號1樓,121.3091232,24.9828483
全家,桃園市桃園區成功里成功路二段一六五號一樓,121.3191659,24.9949915
全家,桃園市桃園區中寧里同德六街１７２號１樓,121.2967051,25.0154988
全家,桃園市桃園區東門里中山東路十七號一樓,121.3136167,24.9956888
全家,桃園市桃園區介壽路17、19號1樓,121.3111521,24.9872848
全家,桃園市桃園區莊一街17號1樓、桃園縣桃園市莊一街19號1樓,121.2949516,25.0221829
全家,桃園市桃園區信光里正康三街181號1樓、桃園市桃園區信光里大連一街107號1樓,121.3069428,25.0079133
全家,桃園市桃園區西門里民族路187號、189號,121.3080282,24.9939356
全家,桃園市桃園區長德里力行路194號1樓,121.3005748,25.0009936
全家,桃園市桃園區慈文里慈德街一號一樓,121.3019292,25.0068455
全家,桃園市桃園區莊敬里莊敬路1段204號、206號、208號1樓及B1,121.2990094,25.0250397
全家,桃園市桃園區同安里大興西路1段208號,121.3026679,25.0136355
全家,桃園市桃園區龍岡里國強一街208號、210號、212號,121.2829658,24.9922736
全家,桃園市桃園區龍祥里龍壽街二十號一樓,121.2697178,24.9782835
全家,桃園市桃園區同安里南平路二一一號一樓,121.3011813,25.0190909
全家,桃園市桃園區國強一街218號、220號1樓,121.2826139,24.9921608
全家,桃園市桃園區中興里永安路２１９號１樓,121.303697,24.9982324
全家,桃園市桃園區新埔里經國路２２３號１樓,121.3074839,25.0126253
全家,桃園市桃園區大豐里金門二街234號1樓,121.3146019,24.9816465
全家,桃園市桃園區東門里春日路２３５號１樓,121.3152533,24.9975554
全家,桃園市桃園區春日路２３６號１樓,121.3152161,24.9983533
全家,桃園市桃園區汴洲里幸福路238號及258號1樓,121.2986548,25.0284031
全家,桃園市桃園區中成里大興西路3段257號,121.2889351,25.0034572
全家,桃園市桃園區武陵里成功路一段二十五號一樓,121.3126091,24.9926746
全家,桃園市桃園區寶山街265號1樓,121.3141142,25.0113677
全家,桃園市桃園區武陵里大同路28號1樓,121.3137223,24.9900495
全家,桃園市桃園區中聖里國鼎一街28號1樓,121.2880253,24.9878028
全家,桃園市桃園區南門里中山路295號1樓、2樓,121.3043594,24.992046
全家,桃園市桃園區成功路一段２９號１樓,121.3125012,24.9926271
全家,桃園市桃園區大林里榮華街63巷29號、31號1樓,121.3209508,24.9743646
全家,桃園市桃園區龍鳳里國豐六街二號一樓,121.2789643,24.9872958
全家,桃園市桃園區大有里大有路302號1樓,121.3199155,25.0098055
全家,桃園市桃園區中正路302、306號1樓,121.3095411,24.9972583
全家,桃園市桃園區東山里復興路三十號１樓,121.3180117,24.9910102
全家,桃園市桃園區光興里縣府路３１８號１樓,121.3003433,24.9924739
全家,桃園市桃園區文化里民權路31號、33號1樓,121.3113935,24.9906949
全家,桃園市桃園區青溪里民光東路326號、328號1樓,121.3109939,25.0059687
全家,桃園市桃園區東門里中山東路32之21號1樓,121.3145575,24.9957432
全家,桃園市桃園區中山里中平路三十二號一樓,121.2920163,24.9896117
全家,桃園市桃園區中興里力行路335號1樓,121.2981525,24.9989882
全家,桃園市桃園區東門里中山東路三十四號一樓,121.3160221,24.9962537
全家,桃園市桃園區同德十街35號、37號1樓,121.294066,25.0186515
全家,桃園市桃園區莊敬里莊敬路一段三七六號，中正路一四一六號一樓,121.2953147,25.0236254
全家,桃園市桃園區東埔里中正路３７８號１樓,121.3082077,24.9994194
全家,桃園市桃園區中成里永安路381號、383號1樓,121.2989815,25.0008627
全家,桃園市桃園區復興路387號及387之1號,121.3025887,24.99064
全家,桃園市桃園區桃鶯路388號、388-1號1樓,121.3229046,24.9765414
全家,桃園市桃園區文化里中華路三號一樓之九，三號一樓之十,121.3117557,24.9910552
全家,桃園市桃園區建國路40號,121.316689,24.9859724
全家,桃園市桃園區中正三街411號,121.2983869,25.003716
全家,桃園市桃園區同德里南平路416號、418號1樓＆地下一樓,121.295958,25.0172596
全家,桃園市桃園區永安北路422號1樓之2、424號1樓之1,121.29275,25.0173714
全家,桃園市桃園區寶安里永安北路422號1樓之1,121.29275,25.0173714
全家,桃園市桃園區瑞慶里寶慶路432號,121.2902757,25.0189637
全家,桃園市桃園區三民路三段４４８之１號１樓,121.3072301,24.9848266
全家,桃園市桃園區新埔里經國路四五一號一樓,121.3042031,25.0190534
全家,桃園市桃園區忠義里大業路1段46、48號1樓,121.3180384,25.0043734
全家,桃園市桃園區泰山里中山路５０５號１樓,121.2978513,24.9911755
全家,桃園市桃園區永安里中正路509號1樓、2樓,121.3059184,25.0025627
全家,桃園市桃園區永安里中正路五一一號一樓,121.3058615,25.0026915
全家,桃園市桃園區中信里國際路二段51號,121.2882721,24.9914922
全家,桃園市桃園區龍岡里上海路５４號、５６號１樓,121.2833302,24.9896905
全家,桃園市桃園區中寧里中埔六街五十四號一樓,121.2958161,25.0173483
全家,桃園市桃園區會稽里大有路五五四號一樓,121.3179985,25.0139968
全家,桃園市桃園區中寧里大興西路二段五十五號一樓之二,121.2989263,25.0114785
全家,桃園市桃園區東埔里中正路５７６號１樓,121.3053756,25.0038767
全家,桃園市桃園區中州街57號,121.293391,24.9884828
全家,桃園市桃園區仁愛路60號、62號1樓,121.2931594,24.994174
全家,桃園市桃園區光興里中山北路六十一號１樓,121.3031426,24.9935948
全家,桃園市桃園區文化里中正路61號1樓,121.3125283,24.9911025
全家,桃園市桃園區會稽里大有路６３２號１樓,121.3170817,25.0155461
全家,桃園市桃園區東埔里正康二街68號、70號,121.3086185,25.0019352
全家,桃園市桃園區中平里中山路六九一號一樓,121.2919175,24.9908643
全家,桃園市桃園區成功路2段69號、71號1樓,121.3164639,24.9941641
全家,桃園市桃園區南埔里正光路700號、702號1樓及吉安街88號1樓,121.2921181,25.0050883
全家,桃園市桃園區建國里大林路七十一號１樓,121.3142652,24.9875343
全家,桃園市桃園區福林里長沙街七十二號一樓,121.3089222,24.9802804
全家,桃園市桃園區會稽里春日路七三六號一樓,121.3100945,25.0121983
全家,桃園市桃園區武陵里民生路74號1樓,121.314656,24.9915871
全家,桃園市桃園區南埔里永安路752號、754號1樓,121.2949558,25.0058179
全家,桃園市桃園區大興西路2段139巷77號及79號,121.2976216,25.0097943
全家,桃園市桃園區中山路845號1樓,121.2874384,24.9890839
全家,桃園市桃園區中山路849號、851號1樓,121.287195,24.9889761
全家,桃園市桃園區大豐里建國路八十五號一樓,121.3142632,24.985508
全家,桃園市桃園區武陵里民生路八十六號一樓,121.3144993,24.9917534
全家,桃園市桃園區汴洲里經國二路87號,121.2979533,25.0296165
全家,桃園市桃園區縣府路88之1號1樓,121.3025856,24.9937921
全家,桃園市桃園區福安里建新街八十八號一樓,121.3117297,24.9823547
全家,桃園市桃園區北埔里莊一街８８號１樓,121.2934473,25.0218453
全家,桃園市桃園區經國路899號1樓,121.3002797,25.0323155
全家,桃園市桃園區中寧里中正路九二七號一樓,121.3000867,25.0119335
全家,桃園市桃園區武陵里復興路九十六號一樓,121.3158644,24.9911321
全家,桃園市桃園區文明里中華路九十七號一樓,121.3094037,24.9902878
全家,桃園市桃園區同安里同德五街98號1樓,121.2999033,25.0147983
全家,桃園市桃園區東門里春日路九十八號，成功路二段八十三號１樓,121.316764,24.9942568
全家,桃園市桃園區中信里中山路992號、994號,121.2857604,24.988715
全家,桃園市桃園區民安路99號1樓,121.2999802,24.9964516
全家,桃園市桃園區慈文里慈光街９９號、１０１巷１號１樓,121.2989094,25.0059806
全家,桃園市桃園區民權路９號１樓,121.3118119,24.989717
全家,桃園市桃園區玉山里大同西路九十三號一樓,121.3015373,24.9886543
全家,桃園市桃園區同安里中正路８４５號１樓,121.2990328,25.0151581
全家,桃園市桃園區南門里介壽路四一二號一樓,121.3109743,24.9874711
全家,桃園市桃園區南門里介壽路408號1樓及2樓、410號1樓、412號1樓及2樓,121.3041259,24.978799
全家,桃園市桃園區大林里桃鶯路四四五之一號一樓,121.323306,24.976878
全家,桃園市桃園區中寧里中正路1069號一樓,121.2982238,25.0161794
全家,桃園市桃園區三民路三段108號一樓,121.3057182,24.994244
全家,桃園市桃園區中山東路32之1號一樓,121.3146289,24.9957777
全家,桃園市桃園區中正路48巷16號一樓,121.3134354,24.9922475
全家,桃園市桃園區大豐路102號一樓,121.3168275,24.9804824
全家,桃園市桃園區龍安街169之3號,121.2787938,24.9921844
全聯,桃園市桃園區同德里中正路1047號,121.298606,25.015441
全聯,桃園市桃園區國際路1段1136號1樓,121.2894443,24.9877845
全聯,桃園市桃園區國際路2段117號1樓,121.287963,24.993101
全聯,桃園市桃園區寶慶里中埔二街158、160號,121.295691,25.0127171
全聯,桃園市桃園區天祥五街16號,121.3038373,25.0189352
全聯,桃園市桃園區新埔里天祥五街16號,121.3038373,25.0189352
全聯,桃園市桃園區大豐里延平路175號,121.3147012,24.9796974
全聯,桃園市桃園區桃鶯路196號1樓,121.3189089,24.9818849
全聯,桃園市桃園區慈文路317號1樓,121.3017508,25.006493
全聯,桃園市桃園區復興路380號1樓,121.3037241,24.9903702
全聯,桃園市桃園區東門里東國街38號1樓之1,121.3142528,24.9967262
全聯,桃園市桃園區東門里東國街38號1樓之1,121.3142528,24.9967262
全聯,桃園市桃園區中成里正光路459號,121.2940125,25.0016421
全聯,桃園市桃園區大有路466、468號1樓,121.318887,25.0124488
全聯,桃園市桃園區中正路498、500號1、2樓,121.3063876,25.0022573
全聯,桃園市桃園區三民路三段518號1樓,121.3073488,24.9830259
全聯,桃園市桃園區春日里大業路2段51、53號,121.3109498,25.0170745
全聯,桃園市桃園區大有路581號1樓,121.3164209,25.0159481
全聯,桃園市桃園區東山里春日路69之1號,121.3170097,24.9925551
全聯,桃園市桃園區藝文里龍泉五街8號,121.2727624,24.9827579
全聯,桃園市桃園區莊敬路2段99號1樓,121.2931185,25.0224954
全聯,桃園市桃園區忠義里大業路1段136號,121.3125892,25.0119348
全聯,桃園市桃園區三民路三段11巷1號1樓,121.308233,24.998173
全聯,桃園市桃園區大興里春日路682、684、686號,121.310531,25.011335
全聯,桃園市桃園區中山東路32-10、32-11號1樓,121.314629,24.995778
全聯,桃園市桃園區永安路348號,121.3023581,24.9994061
711,桃園市桃園區力行路100號1樓,121.3026305,25.0020331
711,桃園市桃園區天祥七街101、103號,121.2997872,25.0228983
711,桃園市桃園區建國路101號1樓,121.311961,24.9852157
711,桃園市桃園區大林里樹仁三街102號１樓,121.3207473,24.97424
711,桃園市桃園區同德六街103號1樓,121.2990872,25.0159931
711,桃園市桃園區永安路1040號、1040-1號1樓,121.2879268,25.0091464
711,桃園市桃園區中山路１０５８號１樓,121.2838607,24.9878599
711,桃園市桃園區莊敬路2段105號1樓,121.2928814,25.0224105
711,桃園市桃園區中正路１０６９號１樓,121.2982238,25.0161794
711,桃園市桃園區南華街106號、108號1樓,121.3080428,24.9916067
711,桃園市桃園區中正路1087號1樓,121.2979284,25.01687
711,桃園市桃園區大業路2段111號1樓之2,121.3106865,25.0183896
711,桃園市桃園區南華街１１３號,121.3076903,24.991881
711,桃園市桃園區正光路116號1樓,121.2954339,24.9956057
711,桃園市桃園區中泰里國際路1段1179號1樓,121.2885258,24.9891706
711,桃園市桃園區中正路一一七號一樓,121.3119011,24.9930971
711,桃園市桃園區永福西街一一七號一、二樓,121.2948284,24.9638569
711,桃園市桃園區三民路一段118號1樓,121.3209062,24.9987499
711,桃園市桃園區春日路1193號1樓,121.3088743,25.0152006
711,桃園市桃園區力行路385巷11、13號1樓,121.2976023,24.9983075
711,桃園市桃園區莊一街11、13號1樓,121.2952771,25.0223475
711,桃園市桃園區國際一路121號,121.2924267,24.9634271
711,桃園市桃園區中正路1247號1樓,121.2962983,25.0203121
711,桃園市桃園區三民路二段127、129號1樓,121.3127678,25.0003096
711,桃園市桃園區莊敬路一段１２８號１樓,121.3011575,25.0259266
711,桃園市桃園區龍壽街十二號１樓,121.269816,24.9780778
711,桃園市桃園區長春路１３２號１樓,121.3041903,25.0032317
711,桃園市桃園區春日路1344、1346號1樓,121.3060995,25.0263454
711,桃園市桃園區中山北路136號1樓,121.3031954,24.9952043
711,桃園市桃園區龍安街136號1樓,121.2800075,24.990522
711,桃園市桃園區中正五街137、139號1樓,121.3023622,25.0057724
711,桃園市桃園區大有路141、143號1樓,121.3210569,25.0064602
711,桃園市桃園區龍安街一四三號一樓,121.2795131,24.9910926
711,桃園市桃園區漢中路146號1樓,121.3039235,24.9820254
711,桃園市桃園區春日路1484、1486號1樓,121.3048385,25.0293835
711,桃園市桃園區北埔里莊二街148號1樓,121.2943478,25.0242091
711,桃園市桃園區中山路一四九二號一樓,121.2680927,24.977705
711,桃園市桃園區延平路１４號１樓,121.3138952,24.9879934
711,桃園市桃園區中埔二街150號1樓,121.2957881,25.012561
711,桃園市桃園區民族路150號1樓,121.3085008,24.9935809
711,桃園市桃園區大業路一段152號,121.3161729,25.0072279
711,桃園市桃園區力行路156號1樓,121.3014823,25.0014753
711,桃園市桃園區復興路一五九號一樓,121.310906,24.989641
711,桃園市桃園區重慶街15號1樓、 復興路83、85號1樓,121.3143011,24.9906486
711,桃園市桃園區中平路161號1樓,121.2936213,24.9855571
711,桃園市桃園區復興路162號1樓,121.3123209,24.9904439
711,桃園市桃園區成功路二段１６５號１樓,121.3191659,24.9949915
711,桃園市桃園區中平路167號1、2樓,121.2938005,24.9852499
711,桃園市桃園區經國路168號B1樓,121.3061737,25.0163128
711,桃園市桃園區延壽街一六九、一七一號,121.2890554,24.9943319
711,桃園市桃園區中華路16號1樓,121.271243,24.9788566
711,桃園市桃園區同德六街170號1樓,121.2968095,25.0155208
711,桃園市桃園區德華街173號,121.2858612,24.9927184
711,桃園市桃園區寶慶路一七六號,121.293185,25.0132498
711,桃園市桃園區大興西路1段178號1樓、新埔五街83、85號,121.3045448,25.0143979
711,桃園市桃園區南平路185、187號1樓,121.3021432,25.0194318
711,桃園市桃園區國聖一街188號1樓、宏昌十二街587號1樓,121.2885521,24.9844977
711,桃園市桃園區龍壽街十八、二十號,121.2697166,24.9782469
711,桃園市桃園區西湖里三民路三段１９０號１樓,121.3057417,24.9926457
711,桃園市桃園區大興西路二段1號1樓,121.2999527,25.0119817
711,桃園市桃園區同德六街1號,121.3011096,25.0168244
711,桃園市桃園區桃智路1、3號1樓,121.2946716,24.9649563
711,桃園市桃園區莊二街1號,121.2970566,25.0249799
711,桃園市桃園區龍壽街273巷1號1樓,121.2671763,24.9889742
711,桃園市桃園區延平路202號1樓、大豐路194號1樓,121.3145023,24.9804227
711,桃園市桃園區民生路208號1樓,121.3130882,24.9942059
711,桃園市桃園區寶山街209號1樓,121.3162333,25.0121397
711,桃園市桃園區縣府路212、216號1樓,121.2999159,24.9946208
711,桃園市桃園區自強路215號1樓,121.3169825,25.0003659
711,桃園市桃園區國強一街218、220號1樓,121.2826139,24.9921608
711,桃園市桃園區永安路２１９號１樓,121.303697,24.9982324
711,桃園市桃園區大興路221號1樓,121.312966,25.0157853
711,桃園市桃園區中正路２２４號１樓,121.3105584,24.9956727
711,桃園市桃園區信光路22號1樓,121.3075217,25.0062657
711,桃園市桃園區中正路233號1樓,121.3102311,24.9958069
711,桃園市桃園區吉昌街237號1樓,121.2878791,24.988256
711,桃園市桃園區春日路238、240號1樓,121.3152039,24.9983973
711,桃園市桃園區莊敬里經國路242號1樓,121.3040402,25.020563
711,桃園市桃園區桃鶯路２５１號１樓,121.3187539,24.9838879
711,桃園市桃園區介壽路２５６號１樓,121.3077887,24.982253
711,桃園市桃園區國豐六街25號、國強七街111、113號,121.2783151,24.9879962
711,桃園市桃園區經國一路25號,121.2990202,25.0291371
711,桃園市桃園區大興路265號,121.3144605,25.0159753
711,桃園市桃園區大業路1段277號1樓,121.3146438,25.0090186
711,桃園市桃園區寶山街280號1樓,121.3144802,25.0118495
711,桃園市桃園區宏昌六街281號1樓,121.2882162,24.9865453
711,桃園市桃園區民生路287、289號1樓,121.3116508,24.9973426
711,桃園市桃園區延平路289號1樓,121.3150187,24.9741923
711,桃園市桃園區三民里自強路2號、中山東路153號1樓,121.3185536,24.9973172
711,桃園市桃園區溫州一路302、306號1、2樓,121.2895134,25.002904
711,桃園市桃園區南平路306號1樓,121.2985974,25.0184236
711,桃園市桃園區中正路30號1、2樓,121.3132682,24.9900628
711,桃園市桃園區縣府路312號1樓,121.2999321,24.9925497
711,桃園市桃園區同安街３１７號１樓,121.302697,25.0166183
711,桃園市桃園區中正路３２４號１樓、桃園縣桃園市北新街66號1樓,121.3092358,24.9977875
711,桃園市桃園區永安路３３５、３３７號１樓,121.3004426,24.9997123
711,桃園市桃園區同安街340、342號,121.3028262,25.017069
711,桃園市桃園區中正路342號1、2樓,121.3089849,24.9981725
711,桃園市桃園區大業路１段３５５、３５７號１樓,121.3122649,25.012292
711,桃園市桃園區民光東路357、359號,121.3106597,25.0055863
711,桃園市桃園區復興路三六三號,121.303895,24.9899144
711,桃園市桃園區中埔六街３６號１樓,121.2961702,25.016493
711,桃園市桃園區三民路三段３７５號１樓,121.3069442,24.990056
711,桃園市桃園區長春路37、39號1樓,121.3054963,25.000816
711,桃園市桃園區永安路三八一、三八三號,121.2989815,25.0008627
711,桃園市桃園區復興路389號1樓,121.3024063,24.9907048
711,桃園市桃園區民生路３９１號１樓,121.3103766,25.0001498
711,桃園市桃園區經國路405號1樓,121.3049419,25.0174222
711,桃園市桃園區中正路４０７、４０９號１樓,121.30734,25.0003624
711,桃園市桃園區力行路四十號１樓,121.3041935,25.0028277
711,桃園市桃園區中正三街411號,121.2983869,25.003716
711,桃園市桃園區南平路四一六、四一八號一樓,121.295958,25.0172596
711,桃園市桃園區正光路425、427號1樓,121.2941283,25.0010599
711,桃園市桃園區大業路1段426號1樓,121.3118447,25.0149219
711,桃園市桃園區國際路2段426、428號1樓,121.2884052,24.9985831
711,桃園市桃園區寶慶路四二八號一樓,121.2903987,25.0187395
711,桃園市桃園區光興里中山北路４２號１樓及地下１樓,121.3034294,24.9931824
711,桃園市桃園區大同路43號1樓及B1,121.3124545,24.9894687
711,桃園市桃園區中正路455號1樓,121.3067334,25.0013441
711,桃園市桃園區大有路457號、459號1樓,121.3187226,25.0119501
711,桃園市桃園區桃鶯路457、459號,121.3238273,24.9755679
711,桃園市桃園區安樂街四十五、四十七號１樓,121.3156094,24.9925715
711,桃園市桃園區壽昌街20巷45、47號1樓,121.2923753,24.9895165
711,桃園市桃園區寶慶路470號1樓,121.2901623,25.0192315
711,桃園市桃園區桃鶯路四七二號一樓,121.3243263,24.9737604
711,桃園市桃園區安樂街48、50號1樓、安東街56號1樓,121.3158685,24.9924927
711,桃園市桃園區三民路三段490、492號1樓,121.3073138,24.9836937
711,桃園市桃園區民光路49號1樓,121.3070303,25.0046653
711,桃園市桃園區龍泉六街49號、龍城一街89號、91號1樓,121.2721753,24.9835763
711,桃園市桃園區延平路4、6號1樓,121.3137291,24.988245
711,桃園市桃園區永安北路501號一樓、503號一樓,121.2921306,25.0197237
711,桃園市桃園區南平路502號1樓,121.2940425,25.0164638
711,桃園市桃園區成功路3段50、52號1樓,121.3256647,24.9998447
711,桃園市桃園區桃鶯路50、52號1樓,121.3178156,24.9869696
711,桃園市桃園區永安路511、513號,121.2964069,25.0039565
711,桃園市桃園區中山東路51號1樓,121.314668,24.996133
711,桃園市桃園區慈文路51號1樓、正康三街284號1樓,121.3060229,25.0103677
711,桃園市桃園區民生路535號1樓,121.3090485,25.0040253
711,桃園市桃園區大有路547號1樓,121.3169759,25.0150911
711,桃園市桃園區上海路54、56號1樓,121.2833302,24.9896905
711,桃園市桃園區大業路1段54、56號1樓,121.3177746,25.0045823
711,桃園市桃園區富國路555號1樓,121.2838424,25.0178842
711,桃園市桃園區國際路2段557、559號1樓,121.2858996,25.0058816
711,桃園市桃園區大有路560號1樓,121.3179985,25.0139968
711,桃園市桃園區大有路561號1樓,121.3168102,25.0154849
711,桃園市桃園區大同路五十七、五十九號,121.3120594,24.989364
711,桃園市桃園區民生路57號1樓,121.3142857,24.9916043
711,桃園市桃園區新埔六街58、60號1樓,121.3026459,25.0146168
711,桃園市桃園區大業路1段59、61號1樓,121.3174006,25.0046059
711,桃園市桃園區中華路5號1、2樓,121.3113328,24.9909675
711,桃園市桃園區永安路600號1樓,121.297465,25.0031033
711,桃園市桃園區文中里仁愛路６０號１、２樓,121.2931594,24.994174
711,桃園市桃園區中正路612號1樓,121.3048088,25.0047469
711,桃園市桃園區中正路６１２號１樓,121.3048088,25.0047469
711,桃園市桃園區中正路６１８、６２０號１樓,121.3047425,25.0049356
711,桃園市桃園區大連一街61號、正康四街8號1樓,121.3060102,25.0074601
711,桃園市桃園區中正路650號1樓,121.3042534,25.0056156
711,桃園市桃園區富國路656號1樓,121.2825505,25.0201583
711,桃園市桃園區文中路65號1樓,121.2932881,24.995764
711,桃園市桃園區龍泉二街65號1樓、龍城五街66、68號1樓,121.2698618,24.9801266
711,桃園市桃園區大有路660號1樓之2,121.3165839,25.0167546
711,桃園市桃園區春日路670號1樓,121.3106774,25.0106059
711,桃園市桃園區長安里中正路六八七號一樓,121.3034357,25.0064251
711,桃園市桃園區大有路6號1樓,121.3239723,25.0037789
711,桃園市桃園區大豐路７０號１樓,121.3176145,24.9806328
711,桃園市桃園區春日路７３６號１樓,121.3100945,25.0121983
711,桃園市桃園區永安路739號1樓,121.291242,25.007371
711,桃園市桃園區國豐三街73、75號1樓,121.2792768,24.9892697
711,桃園市桃園區文中路747號1樓,121.2750578,24.9928829
711,桃園市桃園區民族路79號1樓,121.3094754,24.9908749
711,桃園市桃園區力行路7號1樓,121.3050743,25.0030209
711,桃園市桃園區經國路801號,121.3004275,25.028584
711,桃園市桃園區民族路八十號１樓,121.3097937,24.9907971
711,桃園市桃園區復興路80號1樓,121.3162592,24.9910906
711,桃園市桃園區中山東路八十一號春日路１８８號１樓,121.3159245,24.9964113
711,桃園市桃園區中正路820號1樓,121.3020337,25.009532
711,桃園市桃園區上海路82、84號及江南八街49號1樓,121.2829892,24.9905605
711,桃園市桃園區大興西路二段82號1樓,121.2982404,25.0115863
711,桃園市桃園區龍泉五街82號、龍祥街98號,121.2717191,24.9824925
711,桃園市桃園區經國路838號1樓,121.3007896,25.0309119
711,桃園市桃園區金門二街八十三、九十三號一樓,121.3168005,24.981693
711,桃園市桃園區三民路3段84、86號1樓,121.3057061,24.9948187
711,桃園市桃園區民安路84號、忠五路169號,121.2997642,24.9975994
711,桃園市桃園區安慶街84、86號1樓,121.292685,25.0182983
711,桃園市桃園區經國路860號1樓,121.3006819,25.0316797
711,桃園市桃園區中山路８８８、８９０號１樓,121.2886732,24.9901414
711,桃園市桃園區健行路88號,121.3101014,25.0220038
711,桃園市桃園區經國二路89號1樓,121.2979848,25.0298491
711,桃園市桃園區成功路3段8號1樓,121.325076,24.9973234
711,桃園市桃園區長沙街90號1樓,121.3095067,24.9799964
711,桃園市桃園區大有路914號,121.3148191,25.0211836
711,桃園市桃園區中平路九十一號一樓,121.2928546,24.9881483
711,桃園市桃園區中平路九十一號一樓,121.2928546,24.9881483
711,桃園市桃園區文中路九十三號一樓,121.2925567,24.995744
711,桃園市桃園區玉山里秀山路95號,121.3018192,24.9884505
711,桃園市桃園區龍壽街九十六、九十八號,121.2685704,24.9811276
711,桃園市桃園區慈文路975號,121.288523,25.0004209
711,桃園市桃園區同德十一街98、100號1樓,121.2955728,25.0204568
711,桃園市桃園區莊敬路二段九十九號一樓,121.2931185,25.0224954
711,桃園市桃園區大誠路九號一樓,121.3222397,24.9837346
711,桃園市桃園區延壽街9、11號1樓,121.293411,24.9917646
711,桃園市桃園區力行路515號1樓,121.2974857,24.9990064
711,桃園市桃園區大林路六十二號一樓,121.313261,24.9873969
711,桃園市桃園區大業路一段316之7號1樓,121.3176415,25.0046255
711,桃園市桃園區大興西路二段253號1樓,121.2959064,25.0099446
711,桃園市桃園區正光二街155號1樓,121.2949842,25.000211
711,桃園市桃園區永安路８３４號１樓,121.2881624,25.0090007
711,桃園市桃園區成功路一段四十七號一樓,121.3115567,24.9924555
711,桃園市桃園區青溪一路1號及中央街223號,121.314417,25.002178
711,桃園市桃園區春日路666號1樓,121.3177657,24.9914189
711,桃園市桃園區國際路一段五三八號,121.2917673,24.9680237
711,桃園市桃園區復興路239之1、241號1樓,121.3136236,24.9907174
711,桃園市桃園區大興西路二段二０六號一樓,121.295306,25.010139
711,桃園市桃園區大興路二０五，二０七號,121.312406,25.015297
711,桃園市桃園區中山路七０一號,121.291642,24.99077
711,桃園市桃園區中平路102號一樓,121.292679,24.986958
711,桃園市桃園區中華路117號1樓,121.3083129,24.9898362
711,桃園市桃園區莊敬路二段47號,121.2934455,25.0224906
711,桃園市桃園區正康二街76號,121.3084451,25.0022131
711,桃園市桃園區民安路102號,121.2997926,24.9962427
711,桃園市桃園區永安路1018號一樓,121.3049879,24.9977388
711,桃園市桃園區永福西街113號1樓,121.2952683,24.963696
711,桃園市桃園區成功路三段48號1樓,121.3258565,24.9997275
711,桃園市桃園區莊敬路1段177號1樓,121.3002127,25.0251759
711,桃園市桃園區經國路685號1樓,121.3020985,25.0237601
711,桃園市桃園區自強路81號,121.3184474,24.9969329
711,桃園市桃園區和平路110號1樓,121.3086276,24.9955107
711,桃園市桃園區南豐三街120號一樓,121.303918,24.9822268
711,桃園市桃園區建國路156號,121.3102147,24.9853418
711,桃園市桃園區建國路41號1樓,121.3168592,24.9857328
711,桃園市桃園區建國路49之1號,121.3163271,24.9857069
711,桃園市桃園區春日路874號１樓,121.3093739,25.0152559
711,桃園市桃園區桃鶯路236號,121.3199548,24.9801512
711,桃園市桃園區桃鶯路384號1樓,121.322824,24.976613
711,桃園市桃園區泰昌三街2號,121.2937746,24.9903883
711,桃園市桃園區泰昌三街51號,121.2947126,24.9883669
711,桃園市桃園區國際路一段1095號一樓,121.289306,24.9867171
711,桃園市桃園區延平路161號一樓,121.3146667,24.9757765
711,桃園市桃園區建國路1號1樓,121.3122193,24.9851606
711,桃園市桃園區慈德街74號一樓,121.3003397,25.0077643
711,桃園市桃園區慈德街55號1樓,121.300775,25.0073545
711,桃園市桃園區萬壽路3段113號1樓,121.3209258,24.9912343
711,桃園市桃園區萬壽路三段43號1樓,121.3225256,24.9917516
711,桃園市桃園區建新街68號1樓,121.3118853,24.9827413
711,桃園市桃園區樹仁三街81號1樓,121.3222241,24.9743682
711,桃園市桃園區縣府路88之1號1樓,121.302586,24.993791
711,桃園市桃園區縣府路308號一樓,121.3000085,24.9926536
711,桃園市桃園區龍安街77號1樓,121.2802611,24.9886917
711,桃園市桃園區寶山街206號一樓,121.3162853,25.0123872
OK mart,桃園市桃園區中山北路１３６號１樓,121.3031954,24.9952043
OK mart,桃園市桃園區中正五街１３７號１樓,121.3023622,25.0057724
OK mart,桃園市桃園區春日路１４１１、１４１３號１樓,121.3080918,25.0205239
OK mart,桃園市桃園區國豐六街十四號一樓,121.278314,24.9892717
OK mart,桃園市桃園區文化里復興路一五一號一樓,121.3112849,24.9898043
OK mart,桃園市桃園區中埔二街155號1樓,121.295473,25.0127209
OK mart,桃園市桃園區建國路156之9號1樓,121.3096239,24.9853779
OK mart,桃園市桃園區中華路１６６號１樓,121.3070817,24.9897997
OK mart,桃園市桃園區文中東路169號1樓,121.2983888,24.9948048
OK mart,桃園市桃園區大興西路１段１７９號１樓,121.304565,25.0140279
OK mart,桃園市桃園區民族路204號1樓,121.3076503,24.9950129
OK mart,桃園市桃園區中正路２６９號１樓,121.3097182,24.9966173
OK mart,桃園市桃園區法治路2號、4號1樓,121.296539,24.9926045
OK mart,桃園市桃園區泰昌三街二號、二之一號一樓,121.2937746,24.9903883
OK mart,桃園市桃園區永安路３３５、３３７號１樓,121.3004426,24.9997123
OK mart,桃園市桃園區同安街340、342號1樓、338巷1號1樓,121.3028262,25.017069
OK mart,桃園市桃園區力行路40號1樓,121.3041935,25.0028277
OK mart,桃園市桃園區介壽路４７號１樓,121.3106833,24.9851193
OK mart,桃園市桃園區龍祥街48號1樓,121.2714675,24.980902
OK mart,桃園市桃園區民生路６２１之１號１一樓,121.3083406,25.0064897
OK mart,桃園市桃園區中正路６５０號１樓,121.3042534,25.0056156
OK mart,桃園市桃園區大有路６５８號１樓,121.316642,25.0163899
OK mart,桃園市桃園區中山路６７６號１樓,121.2948448,24.9911756
OK mart,桃園市桃園區南華街67號1樓,121.3081294,24.9908142
OK mart,桃園市桃園區樹仁三街68號1樓,121.3217673,24.9745266
OK mart,桃園市桃園區延壽街６號１樓,121.2938044,24.9916761
OK mart,桃園市桃園區永安路７５４號１樓,121.2949522,25.0059105
OK mart,桃園市桃園區春日路七五八號一樓,121.3098469,25.0127392
OK mart,桃園市桃園區中華路75號1樓,121.3100968,24.9905761
OK mart,桃園市桃園區正康二街83號1樓,121.3087973,25.0011194
OK mart,桃園市桃園區博愛路97、99號1樓,121.3095484,24.9945934
OK mart,桃園市桃園區民安路九十八號１樓,121.29972,24.9969087
OK mart,桃園市桃園區春日路９８號１樓、成功路２段８３號１樓,121.316764,24.9942568
OK mart,桃園市桃園區中山路９９２、９９４號１樓,121.2857604,24.988715
OK mart,桃園市桃園區玉山里大同西路九十三號１樓,121.3015373,24.9886543
OK mart,桃園市桃園區大有路656號1樓,121.316734,25.016138
OK mart,桃園市桃園區春日路634號一樓,121.3111186,25.0096392
OK mart,桃園市桃園區桃鶯路384號１樓,121.322824,24.976613
OK mart,桃園市桃園區龍壽街32-1號,121.26958,24.978642
萊爾富,桃園市桃園區厦門街100、102號1樓,121.2973625,24.9946847
萊爾富,桃園市桃園區中正路103號,121.3120182,24.9927861
萊爾富,桃園市桃園區汴洲里健行路103號1樓,121.311914,25.0226682
萊爾富,桃園市桃園區宏昌六街108號1樓,121.2960869,24.9881478
萊爾富,桃園市桃園區漢中街１１１號１樓,121.5074794,25.0430966
萊爾富,桃園市桃園區慈文路一一五號一樓,121.3046415,25.0093425
萊爾富,桃園市桃園區建國東路一一號一樓,121.31892,24.9862845
萊爾富,桃園市桃園區國際路一段一二二四、一二二六號一樓,121.2888217,24.9897625
萊爾富,桃園市桃園區南門里漢中路123號1樓,121.3036114,24.9832687
萊爾富,桃園市桃園區中正路一二四七號一樓,121.2962983,25.0203121
萊爾富,桃園市桃園區大有路128號1樓,121.3214899,25.0062922
萊爾富,桃園市桃園區寶安里安慶街129號、131號1樓,121.2912633,25.0179988
萊爾富,桃園市桃園區永安路一三六五、一三六七號一樓,121.2747214,25.0120261
萊爾富,桃園市桃園區大有路一四五號一樓,121.3210086,25.0065344
萊爾富,桃園市桃園區中山東路一五三號、自強路二號一樓,121.3185675,24.9972496
萊爾富,桃園市桃園區中華路一六六號一樓,121.3070817,24.9897997
萊爾富,桃園市桃園區中泰里國聖一街166號1樓,121.2884343,24.9854837
萊爾富,桃園市桃園區同安里慈文路170號1樓,121.3042472,25.0092166
萊爾富,桃園市桃園區大興路172號,121.3113505,25.0158312
萊爾富,桃園市桃園區大興路一七四號一樓,121.3115578,25.0158676
萊爾富,桃園市桃園區三元里大有路175號、179號1樓,121.3205003,25.0074126
萊爾富,桃園市桃園區長德里力行路194號1樓,121.3005748,25.0009936
萊爾富,桃園市桃園區莊敬路二段一九五號一樓,121.2903715,25.0213672
萊爾富,桃園市桃園區力行路328巷21、23號1樓及正光二街71巷31號1樓,121.2964632,24.9996215
萊爾富,桃園市桃園區大林里桃鶯路220號1樓,121.3195046,24.9806889
萊爾富,桃園市桃園區中正五街225號,121.3016163,25.0035563
萊爾富,桃園市桃園區長德里中正五街238號1樓,121.3015163,25.0032738
萊爾富,桃園市桃園區南門里建國路276號1樓,121.3057084,24.9850542
萊爾富,桃園市桃園區復興路四一八巷三號四二０、四二二號一樓,121.3031021,24.9915152
萊爾富,桃園市桃園區中華路二十七號一樓,121.3112629,24.9909433
萊爾富,桃園市桃園區建國里林森路29號1樓,121.3190498,24.9890149
萊爾富,桃園市桃園區大業路１段２號１樓,121.3189436,25.0034146
萊爾富,桃園市桃園區莊敬里莊敬路1段304號1樓,121.2974181,25.0244433
萊爾富,桃園市桃園區文化里中正路三十一號一樓,121.3130593,24.9901006
萊爾富,桃園市桃園區文中路333、335號1樓,121.2857553,24.9953281
萊爾富,桃園市桃園區成功路一段三十七號一樓,121.3117388,24.9923914
萊爾富,桃園市桃園區永安里長春路37號1樓、39號1樓,121.3054963,25.000816
萊爾富,桃園市桃園區大業路1段397號1樓,121.3117508,25.0140368
萊爾富,桃園市桃園區力行路40號,121.3041935,25.0028277
萊爾富,桃園市桃園區中山北路42號1樓,121.3034294,24.9931824
萊爾富,桃園市桃園區中德里國際路1段431號,121.2890945,24.9712626
萊爾富,桃園市桃園區寶慶路四三二號一樓,121.2902757,25.0189637
萊爾富,桃園市桃園區同安街442之5、444號,121.3011089,25.0195031
萊爾富,桃園市桃園區大林里桃鶯路457號、459號1樓,121.3238273,24.9755679
萊爾富,桃園市桃園區永安北路466、468號1樓,121.2928617,25.0180019
萊爾富,桃園市桃園區寶安里永安北路466號、468號1樓,121.2928617,25.0180019
萊爾富,桃園市桃園區永安里長春路四十六號一樓,121.3055889,25.0009783
萊爾富,桃園市桃園區忠義里成功路三段４８號一樓,121.3258565,24.9997275
萊爾富,桃園市桃園區大有里大有路491號1樓,121.3181817,25.0128682
萊爾富,桃園市桃園區大林里樹仁二街50號1樓,121.3201124,24.9783454
萊爾富,桃園市桃園區會稽里大有路511號1樓,121.317485,25.0141813
萊爾富,桃園市桃園區大仁路54、56號1樓,121.3231872,24.9723347
萊爾富,桃園市桃園區富國路５５８號１樓,121.2842836,25.0183121
萊爾富,桃園市桃園區中寧里大興西路2段55號1樓之2,121.2989263,25.0114785
萊爾富,桃園市桃園區文中東路61、63號1樓,121.2961995,24.9960599
萊爾富,桃園市桃園區慈光街63號1樓,121.2981389,25.0053105
萊爾富,桃園市桃園區中正里中山路６７６號１樓,121.2948448,24.9911756
萊爾富,桃園市桃園區文中路693號1樓,121.2764678,24.9931947
萊爾富,桃園市桃園區裕和街6號1樓,121.2744531,24.981086
萊爾富,桃園市桃園區大有路726、728號1-2樓,121.3159367,25.0185879
萊爾富,桃園市桃園區自強路72號1樓,121.3179193,24.9989395
萊爾富,桃園市桃園區中山路779號1樓,121.2901386,24.9902471
萊爾富,桃園市桃園區汴洲里健行路７８號８０號１樓,121.3097721,25.0219102
萊爾富,桃園市桃園區寶慶里寶慶路八十號一樓,121.2943536,25.011151
萊爾富,桃園市桃園區中山里中平路八十四號一樓,121.2924932,24.9882392
萊爾富,桃園市桃園區自強路85號及中山東路151號 1、2樓,121.3181738,24.9972547
萊爾富,桃園市桃園區中寧里大興西路2段8號,121.295755,25.0093526
萊爾富,桃園市桃園區桃園市三民里三民路1段99號1樓,121.3200354,24.9996349
萊爾富,桃園市桃園區南埔里大興西路二段二五三號一樓,121.2959064,25.0099446
萊爾富,桃園市桃園區文中路198號1樓,121.2909449,24.9958826
萊爾富,桃園市桃園區民生路129號1樓,121.3138959,24.9922629
萊爾富,桃園市桃園區建新街277號1樓,121.3098613,24.9765908
萊爾富,桃園市桃園區朝陽街240號、清溪二路77號1樓,121.3121993,25.0019511
萊爾富,桃園市桃園區中正路1001號一樓,121.2992065,25.0140495
萊爾富,桃園市桃園區南平路280號一樓,121.2996301,25.018822
萊爾富,桃園市桃園區桃鶯路220號一樓,121.3195046,24.9806889
萊爾富,桃園市桃園區潮洲街3號一樓,121.3005217,24.9868736
萊爾富,桃園市桃園區龍壽街202之8號1樓,121.268175,24.986089
萊爾富,桃園市桃園區豐林里建國路260號一樓,121.3062883,24.9850711
